1711314330.6337547,"['$GNGGA', '210530.000', '5103.82795', 'N', '00412.28673', 'E', '1', '15', '0.8', '7.8', 'M', '44.8', 'M', '', '*45']","['$GNRMC', '210529.000', 'A', '5103.82795', 'N', '00412.28672', 'E', '0.00', '38.28', '240324', '', '', 'A', 'V*3D']","['$GNGSA', 'A', '3', '06', '09', '11', '14', '16', '21', '28', '33', '34', '42', '43', '', '1.7', '0.8', '1.6', '4*3F']",0.8,339.47366810958357
1711314333.6384358,"['$GNGGA', '210533.000', '5103.82796', 'N', '00412.28677', 'E', '1', '15', '0.8', '7.7', 'M', '44.8', 'M', '', '*4E']","['$GNRMC', '210532.000', 'A', '5103.82796', 'N', '00412.28676', 'E', '0.00', '38.28', '240324', '', '', 'A', 'V*30']","['$GNGSA', 'A', '3', '06', '09', '11', '14', '16', '21', '28', '33', '34', '42', '43', '', '1.7', '0.8', '1.6', '4*3F']",0.8,339.4736964606727
1711314336.6430666,"['$GNGGA', '210536.000', '5103.82796', 'N', '00412.28680', 'E', '1', '15', '0.8', '7.7', 'M', '44.8', 'M', '', '*43']","['$GNRMC', '210535.000', 'A', '5103.82796', 'N', '00412.28679', 'E', '0.00', '38.28', '240324', '', '', 'A', 'V*38']","['$GNGSA', 'A', '3', '06', '09', '11', '14', '16', '21', '28', '33', '34', '42', '43', '', '1.7', '0.8', '1.6', '4*3F']",0.8,339.47371493878103
1711314339.647053,"['$GNGGA', '210539.000', '5103.82796', 'N', '00412.28682', 'E', '1', '15', '0.8', '7.7', 'M', '44.8', 'M', '', '*4E']","['$GNRMC', '210538.000', 'A', '5103.82796', 'N', '00412.28682', 'E', '0.00', '38.28', '240324', '', '', 'A', 'V*31']","['$GNGSA', 'A', '3', '06', '09', '11', '14', '16', '21', '28', '33', '34', '42', '43', '', '1.7', '0.8', '1.6', '4*3F']",0.8,339.47372725752246
1711314342.6511593,"['$GNGGA', '210542.000', '5103.82796', 'N', '00412.28684', 'E', '1', '15', '0.8', '7.7', 'M', '44.8', 'M', '', '*44']","['$GNRMC', '210541.000', 'A', '5103.82796', 'N', '00412.28683', 'E', '0.00', '38.28', '240324', '', '', 'A', 'V*3E']","['$GNGSA', 'A', '3', '06', '09', '11', '14', '16', '21', '28', '33', '34', '42', '43', '', '1.7', '0.8', '1.6', '4*3F']",0.8,339.47373957626587
1711314345.6555164,"['$GNGGA', '210545.000', '5103.82794', 'N', '00412.28684', 'E', '1', '15', '0.8', '7.7', 'M', '44.8', 'M', '', '*41']","['$GNRMC', '210544.000', 'A', '5103.82795', 'N', '00412.28684', 'E', '0.00', '38.28', '240324', '', '', 'A', 'V*3F']","['$GNGSA', 'A', '3', '06', '09', '11', '14', '16', '21', '28', '33', '34', '42', '43', '', '1.7', '0.8', '1.6', '4*3F']",0.8,339.473732149047
1711314348.659796,"['$GNGGA', '210548.000', '5103.82794', 'N', '00412.28683', 'E', '1', '14', '0.8', '7.6', 'M', '44.8', 'M', '', '*4B']","['$GNRMC', '210547.000', 'A', '5103.82794', 'N', '00412.28683', 'E', '0.00', '38.28', '240324', '', '', 'A', 'V*3A']","['$GNGSA', 'A', '3', '06', '09', '11', '14', '16', '21', '28', '34', '42', '43', '', '', '1.8', '0.8', '1.6', '4*30']",0.8,339.4737259896733
1711314351.663087,"['$GNGGA', '210551.000', '5103.82794', 'N', '00412.28684', 'E', '1', '14', '0.8', '7.6', 'M', '44.8', 'M', '', '*44']","['$GNRMC', '210550.000', 'A', '5103.82794', 'N', '00412.28684', 'E', '0.00', '38.28', '240324', '', '', 'A', 'V*3B']","['$GNGSA', 'A', '3', '06', '09', '11', '14', '16', '21', '28', '34', '42', '43', '', '', '1.8', '0.8', '1.6', '4*30']",0.8,339.473732149047
1711314354.6667926,"['$GNGGA', '210554.000', '5103.82794', 'N', '00412.28684', 'E', '1', '14', '0.8', '7.6', 'M', '44.8', 'M', '', '*41']","['$GNRMC', '210553.000', 'A', '5103.82794', 'N', '00412.28684', 'E', '0.00', '38.28', '240324', '', '', 'A', 'V*38']","['$GNGSA', 'A', '3', '06', '09', '11', '14', '16', '21', '28', '34', '42', '43', '', '', '1.8', '0.8', '1.6', '4*30']",0.8,339.473732149047
1711314357.671459,"['$GNGGA', '210557.000', '5103.82794', 'N', '00412.28685', 'E', '1', '14', '0.8', '7.6', 'M', '44.8', 'M', '', '*43']","['$GNRMC', '210556.000', 'A', '5103.82794', 'N', '00412.28684', 'E', '0.00', '38.28', '240324', '', '', 'A', 'V*3D']","['$GNGSA', 'A', '3', '06', '09', '11', '14', '16', '21', '28', '34', '42', '43', '', '', '1.8', '0.8', '1.6', '4*30']",0.8,339.4737383084214
1711314360.6757197,"['$GNGGA', '210600.000', '5103.82794', 'N', '00412.28685', 'E', '1', '15', '0.8', '7.6', 'M', '44.8', 'M', '', '*43']","['$GNRMC', '210559.000', 'A', '5103.82794', 'N', '00412.28685', 'E', '0.00', '38.28', '240324', '', '', 'A', 'V*33']","['$GNGSA', 'A', '3', '06', '09', '11', '14', '16', '21', '28', '33', '34', '42', '43', '', '1.7', '0.8', '1.6', '4*3F']",0.8,339.4737383084214
1711314363.6799393,"['$GNGGA', '210603.000', '5103.82795', 'N', '00412.28686', 'E', '1', '15', '0.8', '7.5', 'M', '44.8', 'M', '', '*41']","['$GNRMC', '210602.000', 'A', '5103.82794', 'N', '00412.28685', 'E', '0.00', '38.28', '240324', '', '', 'A', 'V*3E']","['$GNGSA', 'A', '3', '06', '09', '11', '14', '16', '21', '28', '33', '34', '42', '43', '', '1.7', '0.8', '1.6', '4*3F']",0.8,339.47374818140463
1711314366.6836572,"['$GNGGA', '210606.000', '5103.82795', 'N', '00412.28687', 'E', '1', '15', '0.8', '7.5', 'M', '44.8', 'M', '', '*45']","['$GNRMC', '210605.000', 'A', '5103.82795', 'N', '00412.28686', 'E', '0.00', '38.28', '240324', '', '', 'A', 'V*3B']","['$GNGSA', 'A', '3', '06', '09', '11', '14', '16', '21', '28', '33', '34', '42', '43', '', '1.7', '0.8', '1.6', '4*3F']",0.8,339.473754340779
1711314369.6876438,"['$GNGGA', '210609.000', '5103.82777', 'N', '00412.28702', 'E', '1', '15', '0.8', '8.2', 'M', '44.8', 'M', '', '*42']","['$GNRMC', '210608.000', 'A', '5103.82785', 'N', '00412.28700', 'E', '0.50', '38.28', '240324', '', '', 'A', 'V*3D']","['$GNGSA', 'A', '3', '06', '09', '11', '14', '16', '21', '28', '33', '34', '42', '43', '', '1.7', '0.8', '1.6', '4*3F']",0.8,339.4737798865754
1711314372.6918993,"['$GNGGA', '210612.000', '5103.82782', 'N', '00412.28682', 'E', '1', '15', '0.8', '8.0', 'M', '44.8', 'M', '', '*49']","['$GNRMC', '210611.000', 'A', '5103.82782', 'N', '00412.28683', 'E', '0.00', '38.28', '240324', '', '', 'A', 'V*3D']","['$GNGSA', 'A', '3', '06', '09', '11', '14', '16', '21', '28', '33', '34', '42', '43', '', '1.7', '0.8', '1.5', '4*3C']",0.8,339.4736752668579
1711314375.6968238,"['$GNGGA', '210615.000', '5103.82786', 'N', '00412.28681', 'E', '1', '15', '0.8', '8.0', 'M', '44.8', 'M', '', '*49']","['$GNRMC', '210614.000', 'A', '5103.82784', 'N', '00412.28681', 'E', '0.00', '38.28', '240324', '', '', 'A', 'V*3C']","['$GNGSA', 'A', '3', '06', '09', '11', '14', '16', '21', '28', '33', '34', '42', '43', '', '1.7', '0.8', '1.5', '4*3C']",0.8,339.4736839619788
1711314378.7010734,"['$GNGGA', '210618.000', '5103.82787', 'N', '00412.28683', 'E', '1', '15', '0.8', '8.0', 'M', '44.8', 'M', '', '*47']","['$GNRMC', '210617.000', 'A', '5103.82786', 'N', '00412.28682', 'E', '0.00', '38.28', '240324', '', '', 'A', 'V*3E']","['$GNGSA', 'A', '3', '06', '09', '11', '14', '16', '21', '28', '33', '34', '42', '43', '', '1.7', '0.8', '1.5', '4*3C']",0.8,339.47369999436074
1711314381.705208,"['$GNGGA', '210621.000', '5103.82786', 'N', '00412.28682', 'E', '1', '15', '0.8', '8.0', 'M', '44.8', 'M', '', '*4D']","['$GNRMC', '210620.000', 'A', '5103.82786', 'N', '00412.28683', 'E', '0.00', '38.28', '240324', '', '', 'A', 'V*3B']","['$GNGSA', 'A', '3', '06', '09', '11', '14', '16', '21', '28', '33', '34', '42', '43', '', '1.7', '0.8', '1.5', '4*3C']",0.8,339.47369012135897
1711314384.7086885,"['$GNGGA', '210624.000', '5103.82790', 'N', '00412.28691', 'E', '1', '16', '0.8', '8.1', 'M', '44.8', 'M', '', '*4F']","['$GNRMC', '210623.000', 'A', '5103.82791', 'N', '00412.28691', 'E', '0.22', '38.28', '240324', '', '', 'A', 'V*3D']","['$GNGSA', 'A', '3', '06', '09', '11', '14', '16', '21', '28', '33', '34', '42', '43', '', '1.6', '0.8', '1.4', '4*3C']",0.8,339.47376041025024
1711314387.7128363,"['$GNGGA', '210627.000', '5103.82790', 'N', '00412.28690', 'E', '1', '16', '0.8', '8.0', 'M', '44.8', 'M', '', '*4C']","['$GNRMC', '210626.000', 'A', '5103.82790', 'N', '00412.28691', 'E', '0.00', '38.28', '240324', '', '', 'A', 'V*39']","['$GNGSA', 'A', '3', '06', '09', '11', '14', '16', '21', '28', '33', '34', '42', '43', '', '1.6', '0.8', '1.4', '4*3C']",0.8,339.4737542508693
1711314390.7167263,"['$GNGGA', '210630.000', '5103.82801', 'N', '00412.28727', 'E', '1', '16', '0.8', '8.3', 'M', '44.8', 'M', '', '*43']","['$GNRMC', '210629.000', 'A', '5103.82795', 'N', '00412.28706', 'E', '0.33', '38.28', '240324', '', '', 'A', 'V*3C']","['$GNGSA', 'A', '3', '06', '09', '11', '14', '16', '21', '28', '33', '34', '42', '43', '', '1.6', '0.8', '1.4', '4*3C']",0.8,339.4740229975666
1711314393.7209198,"['$GNGGA', '210633.000', '5103.82803', 'N', '00412.28754', 'E', '1', '16', '0.8', '8.5', 'M', '44.8', 'M', '', '*40']","['$GNRMC', '210632.000', 'A', '5103.82804', 'N', '00412.28751', 'E', '0.00', '38.28', '240324', '', '', 'A', 'V*33']","['$GNGSA', 'A', '3', '06', '09', '11', '14', '16', '21', '28', '33', '34', '42', '43', '', '1.6', '0.8', '1.4', '4*3C']",0.8,339.47419672833615
1711314396.7252073,"['$GNGGA', '210636.000', '5103.82797', 'N', '00412.28755', 'E', '1', '16', '0.8', '8.5', 'M', '44.8', 'M', '', '*46']","['$GNRMC', '210635.000', 'A', '5103.82799', 'N', '00412.28753', 'E', '0.00', '38.28', '240324', '', '', 'A', 'V*3D']","['$GNGSA', 'A', '3', '06', '09', '11', '14', '16', '21', '28', '33', '34', '42', '43', '', '1.6', '0.8', '1.4', '4*3C']",0.8,339.47418060650864
1711314399.7293563,"['$GNGGA', '210639.000', '5103.82800', 'N', '00412.28765', 'E', '1', '16', '0.8', '9.2', 'M', '44.8', 'M', '', '*4D']","['$GNRMC', '210638.000', 'A', '5103.82802', 'N', '00412.28765', 'E', '0.00', '38.28', '240324', '', '', 'A', 'V*38']","['$GNGSA', 'A', '3', '06', '09', '11', '14', '16', '21', '28', '33', '34', '42', '43', '', '1.6', '0.8', '1.4', '4*3C']",0.8,339.47425334119885
1711314402.7331164,"['$GNGGA', '210642.000', '5103.82795', 'N', '00412.28765', 'E', '1', '16', '0.8', '9.1', 'M', '44.8', 'M', '', '*41']","['$GNRMC', '210641.000', 'A', '5103.82796', 'N', '00412.28766', 'E', '0.00', '38.28', '240324', '', '', 'A', 'V*37']","['$GNGSA', 'A', '3', '06', '09', '11', '14', '16', '21', '28', '33', '34', '42', '43', '', '1.6', '0.8', '1.4', '4*3C']",0.8,339.47423477353755
1711314405.736811,"['$GNGGA', '210645.000', '5103.82789', 'N', '00412.28765', 'E', '1', '16', '0.8', '9.1', 'M', '44.8', 'M', '', '*4B']","['$GNRMC', '210644.000', 'A', '5103.82791', 'N', '00412.28766', 'E', '0.00', '38.28', '240324', '', '', 'A', 'V*35']","['$GNGSA', 'A', '3', '06', '09', '11', '14', '16', '21', '28', '33', '34', '42', '43', '', '1.6', '0.8', '1.4', '4*3C']",0.8,339.47421249230234
1711314408.7408617,"['$GNGGA', '210648.000', '5103.82785', 'N', '00412.28765', 'E', '1', '16', '0.8', '9.1', 'M', '44.8', 'M', '', '*4A']","['$GNRMC', '210647.000', 'A', '5103.82786', 'N', '00412.28765', 'E', '0.00', '38.28', '240324', '', '', 'A', 'V*33']","['$GNGSA', 'A', '3', '06', '09', '11', '14', '16', '21', '28', '33', '34', '42', '43', '', '1.6', '0.8', '1.4', '4*3C']",0.8,339.4741976381201
1711314411.7451487,"['$GNGGA', '210651.000', '5103.82809', 'N', '00412.28833', 'E', '1', '16', '0.8', '8.7', 'M', '44.8', 'M', '', '*42']","['$GNRMC', '210650.000', 'A', '5103.82808', 'N', '00412.28839', 'E', '0.18', '38.28', '240324', '', '', 'A', 'V*33']","['$GNGSA', 'A', '3', '06', '09', '11', '14', '16', '21', '28', '33', '34', '42', '43', '', '1.6', '0.8', '1.4', '4*3C']",0.8,339.47470560335955
1711314414.7494605,"['$GNGGA', '210654.000', '5103.82805', 'N', '00412.28826', 'E', '1', '16', '0.8', '8.6', 'M', '44.8', 'M', '', '*4E']","['$GNRMC', '210653.000', 'A', '5103.82806', 'N', '00412.28828', 'E', '0.00', '38.28', '240324', '', '', 'A', 'V*37']","['$GNGSA', 'A', '3', '06', '09', '11', '14', '16', '21', '28', '33', '34', '42', '43', '', '1.6', '0.8', '1.4', '4*3C']",0.8,339.47464763346574
1711314417.7537735,"['$GNGGA', '210657.000', '5103.82800', 'N', '00412.28820', 'E', '1', '16', '0.8', '8.6', 'M', '44.8', 'M', '', '*4E']","['$GNRMC', '210656.000', 'A', '5103.82801', 'N', '00412.28822', 'E', '0.00', '38.28', '240324', '', '', 'A', 'V*3F']","['$GNGSA', 'A', '3', '06', '09', '11', '14', '16', '21', '28', '33', '34', '42', '43', '', '1.6', '0.8', '1.4', '4*3C']",0.8,339.4745921094837
1711314420.7580378,"['$GNGGA', '210700.000', '5103.82797', 'N', '00412.28813', 'E', '1', '15', '0.8', '8.5', 'M', '44.8', 'M', '', '*4C']","['$GNRMC', '210659.000', 'A', '5103.82798', 'N', '00412.28815', 'E', '0.00', '38.28', '240324', '', '', 'A', 'V*3B']","['$GNGSA', 'A', '3', '06', '09', '11', '14', '21', '28', '33', '34', '42', '43', '', '', '1.7', '0.8', '1.5', '4*3B']",0.8,339.47453785297375
1711314423.762948,"['$GNGGA', '210703.000', '5103.82785', 'N', '00412.28821', 'E', '1', '14', '0.8', '7.2', 'M', '44.8', 'M', '', '*44']","['$GNRMC', '210702.000', 'A', '5103.82785', 'N', '00412.28824', 'E', '0.54', '38.28', '240324', '', '', 'A', 'V*3B']","['$GNGSA', 'A', '3', '06', '09', '11', '14', '21', '28', '34', '42', '43', '', '', '', '1.7', '0.8', '1.5', '4*3B']",0.8,339.474542566611
1711314426.7679634,"['$GNGGA', '210706.000', '5103.82790', 'N', '00412.28818', 'E', '1', '14', '0.8', '7.7', 'M', '44.8', 'M', '', '*4A']","['$GNRMC', '210702.000', 'A', '5103.82785', 'N', '00412.28824', 'E', '0.54', '38.28', '240324', '', '', 'A', 'V*3B']","['$GNGSA', 'A', '3', '06', '09', '11', '14', '21', '28', '34', '42', '43', '', '', '', '1.7', '0.8', '1.5', '4*3B']",0.8,339.47454265574095
1711314429.7717872,"['$GNGGA', '210709.000', '5103.82791', 'N', '00412.28812', 'E', '1', '14', '0.8', '7.7', 'M', '44.8', 'M', '', '*4E']","['$GNRMC', '210709']","['$GNGSA', 'A', '3', '06', '09', '11', '14', '21', '28', '34', '42', '43', '', '', '', '1.7', '0.8', '1.5', '4*3B']",0.8,339.4745094125756
1711314432.7762663,"['$GNGGA', '210712.000', '5103.82792', 'N', '00412.28807', 'E', '1', '14', '0.8', '7.6', 'M', '44.8', 'M', '', '*42']","['$GNRMC', '210712.000']","['$GNGSA', 'A', '3', '06', '09', '11', '14', '21', '28', '34', '42', '43', '', '', '', '1.7', '0.8', '1.5', '4*3B']",0.8,339.47448232887604
1711314435.7803257,"['$GNGGA', '210715.000', '5103.82792', 'N', '00412.28800', 'E', '1', '15', '0.8', '7.6', 'M', '44.8', 'M', '', '*43']","['$GNRMC', '210715']","['$GNGSA', 'A', '3', '06', '09', '11', '14', '21', '28', '33', '34', '42', '43', '', '', '1.7', '0.8', '1.5', '4*3B']",0.8,339.47443921282246
1711314438.785176,"['$GNGGA', '210718.000', '5103.82794', 'N', '00412.28795', 'E', '1', '15', '0.8', '7.6', 'M', '44.8', 'M', '', '*4B']","['$GNRMC', '210718.000']","['$GNGSA', 'A', '3', '06', '09', '11', '14', '21', '28', '33', '34', '42', '43', '', '', '1.7', '0.8', '1.5', '4*3B']",0.8,339.47441584267733
1711314441.7889566,"['$GNGGA', '210721.000', '5103.82799', 'N', '00412.28794', 'E', '1', '15', '0.8', '7.6', 'M', '44.8', 'M', '', '*4D']","['$GNRMC', '210718.000']","['$GNGSA', 'A', '3', '06', '09', '11', '14', '21', '28', '33', '34', '42', '43', '', '', '1.7', '0.8', '1.5', '4*3B']",0.8,339.47442825078224
1711314444.7927635,"['$GNGGA', '210724.000', '5103.82804', 'N', '00412.28793', 'E', '1', '15', '0.8', '7.5', 'M', '44.8', 'M', '', '*47']","['$GNRMC', '210724.000', 'A', '5']","['$GNGSA', 'A', '3', '06', '09', '11', '14', '21', '28', '33', '34', '42', '43', '', '', '1.7', '0.8', '1.5', '4*3B']",0.8,339.47444065886515
1711314447.7973335,"['$GNGGA', '210727.000', '5103.82805', 'N', '00412.28785', 'E', '1', '16', '0.8', '7.5', 'M', '44.8', 'M', '', '*41']","['$GNRMC', '210727.000', 'A', '5103.828']","['$GNGSA', 'A', '3', '06', '09', '11', '14', '21', '28', '33', '34', '42', '43', '', '', '1.6', '0.8', '1.4', '4*3B']",0.8,339.4743950970262
1711314450.8016398,"['$GNGGA', '210730.000', '5103.82806', 'N', '00412.28780', 'E', '1', '16', '0.8', '7.4', 'M', '44.8', 'M', '', '*40']","['$GNRMC', '210730.000', 'A', '5103.82806', '']","['$GNGSA', 'A', '3', '06', '09', '11', '14', '21', '28', '33', '34', '42', '43', '', '', '1.6', '0.8', '1.4', '4*3B']",0.8,339.4743680134659
1711314453.8069131,"['$GNGGA', '210733.000', '5103.82805', 'N', '00412.28777', 'E', '1', '16', '0.8', '7.4', 'M', '44.8', 'M', '', '*48']","['$GNRMC', '210733.000', 'A', '5103']","['$GNGSA', 'A', '3', '06', '09', '11', '14', '21', '28', '33', '34', '42', '43', '', '', '1.6', '0.8', '1.4', '4*3B']",0.8,339.47434582172247
1711314456.8119807,"['$GNGGA', '210736.000', '5103.82804', 'N', '00412.28777', 'E', '1', '16', '0.8', '7.3', 'M', '44.8', 'M', '', '*4B']","['$GNRMC', '210736.000', 'A', '5103.82804', 'N', '0']","['$GNGSA', 'A', '3', '06', '09', '11', '14', '21', '28', '33', '34', '42', '43', '', '', '1.6', '0.8', '1.4', '4*3B']",0.8,339.4743421082106
1711314459.815702,"['$GNGGA', '210739.000', '5103.82802', 'N', '00412.28781', 'E', '1', '16', '0.8', '7.3', 'M', '44.8', 'M', '', '*4B']","['$GNRMC', '210739.000', 'A', '5103.82802', 'N', '00412.2']","['$GNGSA', 'A', '3', '06', '09', '11', '14', '21', '28', '33', '34', '42', '43', '', '', '1.6', '0.8', '1.4', '4*3B']",0.8,339.4743593188407
1711314462.820229,"['$GNGGA', '210742.000', '5103.82800', 'N', '00412.28784', 'E', '1', '16', '0.8', '7.3', 'M', '44.8', 'M', '', '*40']","['$GNRMC', '210742.000', 'A', '5103.82800', 'N', '00412.28784', 'E', '0.']","['$GNGSA', 'A', '3', '06', '09', '11', '14', '21', '28', '33', '34', '42', '43', '', '', '1.6', '0.8', '1.4', '4*3B']",0.8,339.4743703700699
1711314465.8238914,"['$GNGGA', '210745.000', '5103.82797', 'N', '00412.28784', 'E', '1', '16', '0.8', '7.3', 'M', '44.8', 'M', '', '*46']","['$GNRMC', '210745.000', 'A', '5103.82797', 'N', '00412.287']","['$GNGSA', 'A', '3', '06', '09', '11', '14', '21', '28', '33', '34', '42', '43', '', '', '1.6', '0.8', '1.4', '4*3B']",0.8,339.4743592295288
1711314468.829241,"['$GNGGA', '210748.000', '5103.82795', 'N', '00412.28783', 'E', '1', '16', '0.8', '7.3', 'M', '44.8', 'M', '', '*4E']","['$GNRMC', '210748.000', 'A', '5103.82795', 'N', '00412.28783', 'E', '0.00']","['$GNGSA', 'A', '3', '06', '09', '11', '14', '21', '28', '33', '34', '42', '43', '', '', '1.6', '0.8', '1.4', '4*3B']",0.8,339.474345643072
1711314471.8334303,"['$GNGGA', '210751.000', '5103.82792', 'N', '00412.28783', 'E', '1', '17', '0.7', '7.4', 'M', '44.8', 'M', '', '*48']","['$GNRMC', '210751.000', 'A', '5103.82792', 'N', '00412.28783', 'E']","['$GNGSA', 'A', '3', '06', '09', '11', '14', '16', '21', '28', '33', '34', '42', '43', '', '1.6', '0.7', '1.4', '4*33']",0.7,339.47433450250935
1711314474.8378265,"['$GNGGA', '210754.000', '5103.82789', 'N', '00412.28782', 'E', '1', '17', '0.7', '7.4', 'M', '44.8', 'M', '', '*46']","['$GNRMC', '210754.000', 'A', '5103.82789', 'N', '00412.28782', 'E', '0.00', '38']","['$GNGSA', 'A', '3', '06', '09', '11', '14', '16', '21', '28', '33', '34', '42', '43', '', '1.6', '0.7', '1.4', '4*33']",0.7,339.47431720250734
1711314477.8417673,"['$GNGGA', '210757.000', '5103.82786', 'N', '00412.28781', 'E', '1', '17', '0.7', '7.4', 'M', '44.8', 'M', '', '*49']","['$GNRMC', '210757.000', 'A', '5103.82786', 'N', '00412.28781', 'E', '0.00', '38.28', '24']","['$GNGSA', 'A', '3', '06', '09', '11', '14', '16', '21', '28', '33', '34', '42', '43', '', '1.6', '0.7', '1.4', '4*33']",0.7,339.47429990248884
1711314480.845608,"['$GNGGA', '210800.000', '5103.82784', 'N', '00412.28782', 'E', '1', '17', '0.7', '7.4', 'M', '44.8', 'M', '', '*45']","['$GNRMC', '210800.000', 'A', '5103.82784', 'N', '00412.28782', 'E', '0.00', '']","['$GNGSA', 'A', '3', '06', '09', '11', '14', '16', '21', '28', '33', '34', '42', '43', '', '1.6', '0.7', '1.4', '4*33']",0.7,339.47429863485416
1711314483.8511333,"['$GNGGA', '210803.000', '5103.82782', 'N', '00412.28797', 'E', '1', '17', '0.7', '7.3', 'M', '44.8', 'M', '', '*43']","['$GNRMC', '210803.000', 'A', '5103.82782', 'N', '00412.28797', 'E', '0.00', '38.28', '240324', '', '', 'A']","['$GNGSA', 'A', '3', '06', '09', '11', '14', '16', '21', '28', '33', '34', '42', '43', '', '1.6', '0.7', '1.4', '4*33']",0.7,339.47438359935904
1711314486.855998,"['$GNGGA', '210806.000', '5103.82778', 'N', '00412.28801', 'E', '1', '16', '0.8', '7.3', 'M', '44.8', 'M', '', '*4D']","['$GNRMC', '210806.000', 'A', '5103.82778', 'N', '00412.28801', 'E', '0.00', '38.28', '240324', '', '', 'A', 'V*34']","['$GNGSA', 'A', '3', '06', '09', '11', '14', '16', '21', '28', '33', '34', '42', '43', '', '1.6', '0.8', '1.4', '4*3C']",0.8,339.4743933830454
1711314489.8582125,"['$GNGGA', '210809.000', '5103.82774', 'N', '00412.28804', 'E', '1', '15', '0.8', '7.3', 'M', '44.8', 'M', '', '*48']","['$GNRMC', '210809.000', 'A', '5103.82774', 'N', '00412.28804', 'E', '0.00', '38.28', '240324', '', '', 'A', 'V*32']","['$GNGSA', 'A', '3', '06', '09', '11', '14', '16', '21', '28', '33', '34', '42', '43', '', '1.7', '0.8', '1.5', '4*3C']",0.8,339.4743970072961
1711314492.8613846,"['$GNGGA', '210812.000', '5103.82771', 'N', '00412.28806', 'E', '1', '16', '0.8', '7.4', 'M', '44.8', 'M', '', '*41']","['$GNRMC', '210812.000', 'A', '5103.82771', 'N', '00412.28806', 'E', '0.00', '38.28', '240324', '', '', 'A', 'V*3F']","['$GNGSA', 'A', '3', '06', '09', '11', '14', '16', '21', '28', '33', '34', '42', '43', '', '1.6', '0.8', '1.4', '4*3C']",0.8,339.4743981856235
1711314495.8652225,"['$GNGGA', '210815.000', '5103.82767', 'N', '00412.28808', 'E', '1', '17', '0.7', '7.4', 'M', '44.8', 'M', '', '*41']","['$GNRMC', '210815.000', 'A', '5103.82767', 'N', '00412.28808', 'E', '0.00', '38.28', '240324', '', '', 'A', 'V*31']","['$GNGSA', 'A', '3', '06', '09', '11', '14', '16', '21', '28', '33', '34', '42', '43', '', '1.6', '0.7', '1.4', '4*33']",0.7,339.474395650422
1711314498.869475,"['$GNGGA', '210818.000', '5103.82767', 'N', '00412.28834', 'E', '1', '17', '0.7', '7.7', 'M', '44.8', 'M', '', '*40']","['$GNRMC', '210818.000', 'A', '5103.82767', 'N', '00412.28834', 'E', '0.65', '38.2']","['$GNGSA', 'A', '3', '06', '09', '11', '14', '16', '21', '28', '33', '34', '42', '43', '', '1.6', '0.7', '1.4', '4*33']",0.7,339.4745557965889
1711314501.8732195,"['$GNGGA', '210821.000', '5103.82745', 'N', '00412.28831', 'E', '1', '17', '0.7', '7.8', 'M', '44.8', 'M', '', '*40']","['$GNRMC', '210821.000', 'A', '5103.82745', 'N', '00412.28831', 'E', '0.00', '38.28', '240324', '', '', 'A', 'V*3C']","['$GNGSA', 'A', '3', '06', '09', '11', '14', '16', '21', '28', '33', '34', '42', '43', '', '1.6', '0.7', '1.4', '4*33']",0.7,339.47445562062876
1711314504.8776248,"['$GNGGA', '210824.000', '5103.82736', 'N', '00412.28826', 'E', '1', '16', '0.8', '7.9', 'M', '44.8', 'M', '', '*48']","['$GNRMC', '210824.000', 'A', '5103.82736', 'N', '00412.28826', 'E', '0.00', '38.28', '240324', '', '', 'A', 'V*3B']","['$GNGSA', 'A', '3', '06', '09', '11', '14', '16', '21', '28', '33', '34', '42', '43', '', '1.6', '0.8', '1.4', '4*3C']",0.8,339.4743914012306
1711314507.8822072,"['$GNGGA', '210827.000', '5103.82728', 'N', '00412.28822', 'E', '1', '16', '0.8', '8.0', 'M', '44.8', 'M', '', '*46']","['$GNRMC', '210827.000', 'A', '5103.82728', 'N', '00412.28822', 'E', '0.00', '38.28', '240324', '', '', 'A', 'V*33']","['$GNGSA', 'A', '3', '06', '09', '11', '14', '16', '21', '28', '33', '34', '42', '43', '', '1.6', '0.8', '1.4', '4*3C']",0.8,339.47433705473384
1711314510.885924,"['$GNGGA', '210830.000', '5103.82720', 'N', '00412.28815', 'E', '1', '17', '0.7', '8.0', 'M', '44.8', 'M', '', '*42']","['$GNRMC', '210830.000', 'A', '5103.82720', 'N', '00412.28815', 'E', '0.00', '38.28', '240324', '', '', 'A', 'V*39']","['$GNGSA', 'A', '3', '06', '09', '11', '14', '16', '21', '28', '33', '34', '42', '43', '', '1.6', '0.7', '1.4', '4*33']",0.7,339.47426422957915
1711314513.8890085,"['$GNGGA', '210833.000', '5103.82714', 'N', '00412.28809', 'E', '1', '17', '0.7', '8.1', 'M', '44.8', 'M', '', '*4A']","['$GNRMC', '210833.000', 'A', '5103.82714', 'N', '00412.28809', 'E', '0.00', '38.28', '240324', '', '', 'A', 'V*30']","['$GNGSA', 'A', '3', '06', '09', '11', '14', '16', '21', '28', '33', '34', '42', '43', '', '1.6', '0.7', '1.4', '4*33']",0.7,339.47420499097603
1711314516.892926,"['$GNGGA', '210836.000', '5103.82709', 'N', '00412.28807', 'E', '1', '17', '0.7', '8.2', 'M', '44.8', 'M', '', '*4E']","['$GNRMC', '210836.000', 'A', '5103.82709', 'N', '00412.28807', 'E', '0.00', '38.28', '240324', '', '', 'A', 'V*37']","['$GNGSA', 'A', '3', '06', '09', '11', '14', '16', '21', '28', '33', '34', '42', '43', '', '1.6', '0.7', '1.4', '4*33']",0.7,339.4741741039411
1711314519.8967333,"['$GNGGA', '210839.000', '5103.82705', 'N', '00412.28804', 'E', '1', '17', '0.7', '8.2', 'M', '44.8', 'M', '', '*4E']","['$GNRMC', '210839.000', 'A', '5103.82705', 'N', '00412.28804', 'E', '0.00', '38.28', '240324', '', '', 'A', 'V*37']","['$GNGSA', 'A', '3', '06', '09', '11', '14', '16', '21', '28', '33', '34', '42', '43', '', '1.6', '0.7', '1.4', '4*33']",0.7,339.4741407709561
1711314522.9006238,"['$GNGGA', '210842.000', '5103.82704', 'N', '00412.28803', 'E', '1', '16', '0.8', '8.3', 'M', '44.8', 'M', '', '*4B']","['$GNRMC', '210842.000', 'A', '5103.82704', 'N', '00412.28803', 'E', '0.00', '38.28', '240324', '', '', 'A', 'V*3D']","['$GNGSA', 'A', '3', '06', '09', '11', '14', '16', '21', '28', '33', '34', '42', '43', '', '1.6', '0.8', '1.4', '4*3C']",0.8,339.4741308978246
1711314525.9044507,"['$GNGGA', '210845.000', '5103.82705', 'N', '00412.28801', 'E', '1', '15', '0.8', '8.3', 'M', '44.8', 'M', '', '*4C']","['$GNRMC', '210845.000', 'A', '5103.82705', 'N', '00412.28801', 'E', '0.00', '38.28', '240324', '', '', 'A', 'V*39']","['$GNGSA', 'A', '3', '06', '09', '11', '14', '21', '28', '33', '34', '42', '43', '', '', '1.7', '0.8', '1.5', '4*3B']",0.8,339.4741222924101
1711314528.908146,"['$GNGGA', '210848.000', '5103.82706', 'N', '00412.28796', 'E', '1', '15', '0.8', '8.4', 'M', '44.8', 'M', '', '*44']","['$GNRMC', '210848.000', 'A', '5103.82706', 'N', '00412.28796', 'E', '0.00', '38.28', '240324', '', '', 'A', 'V*36']","['$GNGSA', 'A', '3', '06', '09', '11', '14', '21', '28', '33', '34', '42', '43', '', '', '1.7', '0.8', '1.5', '4*3B']",0.8,339.47409520846395
1711314531.9118676,"['$GNGGA', '210851.000', '5103.82706', 'N', '00412.28788', 'E', '1', '15', '0.8', '8.4', 'M', '44.8', 'M', '', '*43']","['$GNRMC', '210851.000', 'A', '5103.82706', 'N', '00412.28788', 'E', '0.00', '38.28', '240324', '', '', 'A', 'V*31']","['$GNGSA', 'A', '3', '06', '09', '11', '14', '21', '28', '33', '34', '42', '43', '', '', '1.7', '0.8', '1.5', '4*3B']",0.8,339.47404593239105
1711314534.9156196,"['$GNGGA', '210854.000', '5103.82706', 'N', '00412.28782', 'E', '1', '15', '0.8', '8.4', 'M', '44.8', 'M', '', '*4C']","['$GNRMC', '210854.000', 'A', '5103.82706', 'N', '00412.28782', 'E', '0.00', '38.28', '240324', '', '', 'A', 'V*3E']","['$GNGSA', 'A', '3', '06', '09', '11', '14', '21', '28', '33', '34', '42', '43', '', '', '1.7', '0.8', '1.5', '4*3B']",0.8,339.4740089753577
1711314537.9187915,"['$GNGGA', '210857.000', '5103.82707', 'N', '00412.28775', 'E', '1', '15', '0.8', '8.5', 'M', '44.8', 'M', '', '*47']","['$GNRMC', '210857.000', 'A', '5103.82707', 'N', '00412.28775', 'E', '0.00', '38.28', '240324', '', '', 'A', 'V*34']","['$GNGSA', 'A', '3', '06', '09', '11', '14', '21', '28', '33', '34', '42', '43', '', '', '1.7', '0.8', '1.5', '4*3B']",0.8,339.4739695724806
1711314540.9228983,"['$GNGGA', '210900.000', '5103.82709', 'N', '00412.28770', 'E', '1', '15', '0.8', '8.5', 'M', '44.8', 'M', '', '*4F']","['$GNRMC', '210900.000', 'A', '5103.82709', 'N', '00412.28770', 'E', '0.00', '38.28', '240324', '', '', 'A', 'V*3C']","['$GNGSA', 'A', '3', '06', '09', '11', '14', '21', '28', '33', '34', '42', '43', '', '', '1.7', '0.8', '1.5', '4*3B']",0.8,339.473946202271
1711314543.927029,"['$GNGGA', '210903.000', '5103.82711', 'N', '00412.28767', 'E', '1', '15', '0.8', '8.5', 'M', '44.8', 'M', '', '*43']","['$GNRMC', '210903.000', 'A', '5103.82711', 'N', '00412.28767', 'E', '0.00', '38.28', '240324', '', '', 'A', 'V*30']","['$GNGSA', 'A', '3', '06', '09', '11', '14', '21', '28', '33', '34', '42', '43', '', '', '1.7', '0.8', '1.5', '4*3B']",0.8,339.4739351510707
1711314546.9310231,"['$GNGGA', '210906.000', '5103.82713', 'N', '00412.28767', 'E', '1', '15', '0.8', '8.6', 'M', '44.8', 'M', '', '*47']","['$GNRMC', '210906.000', 'A', '5103.82713', 'N', '00412.28767', 'E', '0.00', '38.28', '240324', '', '', 'A', 'V*37']","['$GNGSA', 'A', '3', '06', '09', '11', '14', '21', '28', '33', '34', '42', '43', '', '', '1.7', '0.8', '1.5', '4*3B']",0.8,339.4739425783483
1711314549.934979,"['$GNGGA', '210909.000', '5103.82715', 'N', '00412.28768', 'E', '1', '15', '0.8', '8.6', 'M', '44.8', 'M', '', '*41']","['$GNRMC', '210909.000', 'A', '5103.82715', 'N', '00412.28768', 'E', '0.00', '38.28', '240324', '', '', 'A', 'V*31']","['$GNGSA', 'A', '3', '06', '09', '11', '14', '21', '28', '33', '34', '42', '43', '', '', '1.7', '0.8', '1.5', '4*3B']",0.8,339.4739561651095
1711314552.9389153,"['$GNGGA', '210912.000', '5103.82720', 'N', '00412.28760', 'E', '1', '15', '0.8', '8.8', 'M', '44.8', 'M', '', '*4B']","['$GNRMC', '210912.000', 'A', '5103.82720', 'N', '00412.28760', 'E', '0.00', '38.28', '240324', '', '', 'A', 'V*35']","['$GNGSA', 'A', '3', '06', '09', '11', '14', '21', '28', '33', '34', '42', '43', '', '', '1.7', '0.8', '1.5', '4*3B']",0.8,339.4739254574074
1711314555.942895,"['$GNGGA', '210915.000', '5103.82725', 'N', '00412.28764', 'E', '1', '15', '0.8', '8.8', 'M', '44.8', 'M', '', '*4D']","['$GNRMC', '210915.000', 'A', '5103.82725', 'N', '00412.28764', 'E', '0.00', '38.28', '240324', '', '', 'A', 'V*33']","['$GNGSA', 'A', '3', '06', '09', '11', '14', '21', '28', '33', '34', '42', '43', '', '', '1.7', '0.8', '1.5', '4*3B']",0.8,339.47396866347384
1711314558.9470077,"['$GNGGA', '210918.000', '5103.82729', 'N', '00412.28766', 'E', '1', '15', '0.8', '8.9', 'M', '44.8', 'M', '', '*4F']","['$GNRMC', '210918.000', 'A', '5103.82729', 'N', '00412.28766', 'E', '0.00', '38.28', '240324', '', '', 'A', 'V*30']","['$GNGSA', 'A', '3', '06', '09', '11', '14', '21', '28', '33', '34', '42', '43', '', '', '1.7', '0.8', '1.5', '4*3B']",0.8,339.473995836913
1711314561.9507718,"['$GNGGA', '210921.000', '5103.82732', 'N', '00412.28766', 'E', '1', '15', '0.8', '8.9', 'M', '44.8', 'M', '', '*4F']","['$GNRMC', '210921.000', 'A', '5103.82732', 'N', '00412.28766', 'E', '0.00', '38.28', '240324', '', '', 'A', 'V*30']","['$GNGSA', 'A', '3', '06', '09', '11', '14', '21', '28', '33', '34', '42', '43', '', '', '1.7', '0.8', '1.5', '4*3B']",0.8,339.4740069777621
1711314564.9550247,"['$GNGGA', '210924.000', '5103.82734', 'N', '00412.28764', 'E', '1', '15', '0.8', '8.9', 'M', '44.8', 'M', '', '*4E']","['$GNRMC', '210924.000', 'A', '5103.82734', 'N', '00412.28764', 'E', '0.00', '38.28', '240324', '', '', 'A', 'V*31']","['$GNGSA', 'A', '3', '06', '09', '11', '14', '21', '28', '33', '34', '42', '43', '', '', '1.7', '0.8', '1.5', '4*3B']",0.8,339.4740020860485
1711314567.9597113,"['$GNGGA', '210927.000', '5103.82734', 'N', '00412.28762', 'E', '1', '15', '0.8', '8.9', 'M', '44.8', 'M', '', '*4B']","['$GNRMC', '210927.000', 'A', '5103.82734', 'N', '00412.28762', 'E', '0.00', '38.28', '240324', '', '', 'A', 'V*34']","['$GNGSA', 'A', '3', '06', '09', '11', '14', '21', '28', '33', '34', '42', '43', '', '', '1.7', '0.8', '1.5', '4*3B']",0.8,339.4739897671108
1711314570.9642076,"['$GNGGA', '210930.000', '5103.82734', 'N', '00412.28759', 'E', '1', '16', '0.7', '8.9', 'M', '44.8', 'M', '', '*49']","['$GNRMC', '210930.000', 'A', '5103.82734', 'N', '00412.28759', 'E', '0.00', '38.28', '240324', '', '', 'A', 'V*3A']","['$GNGSA', 'A', '3', '06', '09', '11', '14', '21', '28', '33', '34', '39', '42', '43', '', '1.5', '0.7', '1.3', '4*3A']",0.7,339.4739712887081
1711314573.9682891,"['$GNGGA', '210933.000', '5103.82734', 'N', '00412.28761', 'E', '1', '16', '0.7', '8.8', 'M', '44.8', 'M', '', '*40']","['$GNRMC', '210933.000', 'A', '5103.82734', 'N', '00412.28761', 'E', '0.00', '38.28', '240324', '', '', 'A', 'V*32']","['$GNGSA', 'A', '3', '06', '09', '11', '14', '21', '28', '33', '34', '39', '42', '43', '', '1.5', '0.7', '1.3', '4*3A']",0.7,339.47398360764277
1711314576.9725204,"['$GNGGA', '210936.000', '5103.82735', 'N', '00412.28761', 'E', '1', '16', '0.7', '8.8', 'M', '44.8', 'M', '', '*44']","['$GNRMC', '210936.000', 'A', '5103.82735', 'N', '00412.28761', 'E', '0.00', '38.28', '240324', '', '', 'A', 'V*36']","['$GNGSA', 'A', '3', '06', '09', '11', '14', '21', '28', '33', '34', '39', '42', '43', '', '1.5', '0.7', '1.3', '4*3A']",0.7,339.4739873212586
1711314579.976764,"['$GNGGA', '210939.000', '5103.82734', 'N', '00412.28761', 'E', '1', '16', '0.7', '8.8', 'M', '44.8', 'M', '', '*4A']","['$GNRMC', '210939.000', 'A', '5103.82734', 'N', '00412.28761', 'E', '0.00', '38.28', '240324', '', '', 'A', 'V*38']","['$GNGSA', 'A', '3', '06', '09', '11', '14', '21', '28', '33', '34', '39', '42', '43', '', '1.5', '0.7', '1.3', '4*3A']",0.7,339.47398360764277
1711314582.9813576,"['$GNGGA', '210942.000', '5103.82733', 'N', '00412.28760', 'E', '1', '16', '0.7', '8.7', 'M', '44.8', 'M', '', '*4F']","['$GNRMC', '210942.000', 'A', '5103.82733', 'N', '00412.28760', 'E', '0.00', '38.28', '240324', '', '', 'A', 'V*32']","['$GNGSA', 'A', '3', '06', '09', '11', '14', '21', '28', '33', '34', '39', '42', '43', '', '1.5', '0.7', '1.3', '4*3A']",0.7,339.47397373455743
1711314585.9861662,"['$GNGGA', '210945.000', '5103.82733', 'N', '00412.28759', 'E', '1', '16', '0.7', '8.7', 'M', '44.8', 'M', '', '*42']","['$GNRMC', '210945.000', 'A', '5103.82733', 'N', '00412.28759', 'E', '0.00', '38.28', '240324', '', '', 'A', 'V*3F']","['$GNGSA', 'A', '3', '06', '09', '11', '14', '21', '28', '33', '34', '39', '42', '43', '', '1.5', '0.7', '1.3', '4*3A']",0.7,339.47396757508943
1711314588.9904659,"['$GNGGA', '210948.000', '5103.82734', 'N', '00412.28758', 'E', '1', '16', '0.7', '8.7', 'M', '44.8', 'M', '', '*49']","['$GNRMC', '210948.000', 'A', '5103.82734', 'N', '00412.28758', 'E', '0.00', '38.28', '240324', '', '', 'A', 'V*34']","['$GNGSA', 'A', '3', '06', '09', '11', '14', '21', '28', '33', '34', '39', '42', '43', '', '1.5', '0.7', '1.3', '4*3A']",0.7,339.4739651292416
1711314591.9945054,"['$GNGGA', '210951.000', '5103.82735', 'N', '00412.28757', 'E', '1', '16', '0.7', '8.6', 'M', '44.8', 'M', '', '*4E']","['$GNRMC', '210951.000', 'A', '5103.82735', 'N', '00412.28757', 'E', '0.00', '38.28', '240324', '', '', 'A', 'V*32']","['$GNGSA', 'A', '3', '06', '09', '11', '14', '21', '28', '33', '34', '39', '42', '43', '', '1.5', '0.7', '1.3', '4*3A']",0.7,339.4739626833949
1711314595.0001028,"['$GNGGA', '210954.000', '5103.82734', 'N', '00412.28756', 'E', '1', '17', '0.7', '8.6', 'M', '44.8', 'M', '', '*4A']","['$GNRMC', '210954.000', 'A', '5103.82734', 'N', '00412.28756', 'E', '0.00', '38.28', '240324', '', '', 'A', 'V*37']","['$GNGSA', 'A', '3', '06', '09', '11', '14', '16', '21', '28', '33', '34', '39', '42', '43', '1.5', '0.7', '1.3', '4*3D']",0.7,339.47395281030975
1711314598.004072,"['$GNGGA', '210957.000', '5103.82732', 'N', '00412.28756', 'E', '1', '17', '0.7', '8.6', 'M', '44.8', 'M', '', '*4F']","['$GNRMC', '210957.000', 'A', '5103.82732', 'N', '00412.28756', 'E', '0.00', '38.28', '240324', '', '', 'A', 'V*32']","['$GNGSA', 'A', '3', '06', '09', '11', '14', '16', '21', '28', '33', '34', '39', '42', '43', '1.5', '0.7', '1.3', '4*3D']",0.7,339.4739453830653
1711314601.0081706,"['$GNGGA', '211000.000', '5103.82729', 'N', '00412.28769', 'E', '1', '17', '0.7', '8.5', 'M', '44.8', 'M', '', '*40']","['$GNRMC', '211000.000', 'A', '5103.82729', 'N', '00412.28769', 'E', '0.33', '38.28', '240324', '', '', 'A', 'V*3E']","['$GNGSA', 'A', '3', '06', '09', '11', '14', '16', '21', '28', '33', '34', '39', '42', '43', '1.5', '0.7', '1.3', '4*3D']",0.7,339.47401431534
1711314604.0129006,"['$GNGGA', '211003.000', '5103.82725', 'N', '00412.28762', 'E', '1', '17', '0.7', '8.6', 'M', '44.8', 'M', '', '*47']","['$GNRMC', '211003.000', 'A', '5103.82725', 'N', '00412.28762', 'E', '0.00', '38.28', '240324', '', '', 'A', 'V*3A']","['$GNGSA', 'A', '3', '06', '09', '11', '14', '16', '21', '28', '33', '34', '39', '42', '43', '1.5', '0.7', '1.3', '4*3D']",0.7,339.4739563445197
1711314607.0170112,"['$GNGGA', '211006.000', '5103.82721', 'N', '00412.28754', 'E', '1', '17', '0.7', '8.6', 'M', '44.8', 'M', '', '*43']","['$GNRMC', '211006.000', 'A', '5103.82721', 'N', '00412.28754', 'E', '0.00', '38.28', '240324', '', '', 'A', 'V*3E']","['$GNGSA', 'A', '3', '06', '09', '11', '14', '16', '21', '28', '33', '34', '39', '42', '43', '1.5', '0.7', '1.3', '4*3D']",0.7,339.4738922141756
1711314610.0205712,"['$GNGGA', '211009.000', '5103.82718', 'N', '00412.28746', 'E', '1', '17', '0.7', '8.6', 'M', '44.8', 'M', '', '*45']","['$GNRMC', '211009.000', 'A', '5103.82718', 'N', '00412.28746', 'E', '0.00', '38.28', '240324', '', '', 'A', 'V*38']","['$GNGSA', 'A', '3', '06', '09', '11', '14', '16', '21', '28', '33', '34', '39', '42', '43', '1.5', '0.7', '1.3', '4*3D']",0.7,339.4738317974367
1711314613.0247912,"['$GNGGA', '211012.000', '5103.82716', 'N', '00412.28738', 'E', '1', '17', '0.7', '8.7', 'M', '44.8', 'M', '', '*49']","['$GNRMC', '211012.000', 'A', '5103.82716', 'N', '00412.28738', 'E', '0.00', '38.28', '240324', '', '', 'A', 'V*35']","['$GNGSA', 'A', '3', '06', '09', '11', '14', '16', '21', '28', '33', '34', '39', '42', '43', '1.5', '0.7', '1.3', '4*3D']",0.7,339.4737750943353
1711314616.0289562,"['$GNGGA', '211015.000', '5103.82714', 'N', '00412.28730', 'E', '1', '17', '0.7', '8.6', 'M', '44.8', 'M', '', '*45']","['$GNRMC', '211015.000', 'A', '5103.82714', 'N', '00412.28730', 'E', '0.00', '38.28', '240324', '', '', 'A', 'V*38']","['$GNGSA', 'A', '3', '06', '09', '11', '14', '16', '21', '28', '33', '34', '39', '42', '43', '1.5', '0.7', '1.3', '4*3D']",0.7,339.47371839123235
1711314619.0328875,"['$GNGGA', '211018.000', '5103.82717', 'N', '00412.28686', 'E', '1', '17', '0.7', '9.2', 'M', '44.8', 'M', '', '*42']","['$GNRMC', '211018.000', 'A', '5103.82717', 'N', '00412.28686', 'E', '0.00', '38.28', '240324', '', '', 'A', 'V*3A']","['$GNGSA', 'A', '3', '06', '09', '11', '14', '16', '21', '28', '33', '34', '39', '42', '43', '1.5', '0.7', '1.3', '4*3D']",0.7,339.4734585161459
1711314622.0370595,"['$GNGGA', '211021.000', '5103.82714', 'N', '00412.28677', 'E', '1', '17', '0.7', '9.0', 'M', '44.8', 'M', '', '*47']","['$GNRMC', '211021.000', 'A', '5103.82714', 'N', '00412.28677', 'E', '0.00', '38.28', '240324', '', '', 'A', 'V*3D']","['$GNGSA', 'A', '3', '06', '09', '11', '14', '16', '21', '28', '33', '34', '39', '42', '43', '1.5', '0.7', '1.3', '4*3D']",0.7,339.4733919400069
1711314625.0412872,"['$GNGGA', '211024.000', '5103.82712', 'N', '00412.28665', 'E', '1', '17', '0.7', '9.0', 'M', '44.8', 'M', '', '*47']","['$GNRMC', '211024.000', 'A', '5103.82712', 'N', '00412.28665', 'E', '0.00', '38.28', '240324', '', '', 'A', 'V*3D']","['$GNGSA', 'A', '3', '06', '09', '11', '14', '16', '21', '28', '33', '34', '39', '42', '43', '1.5', '0.7', '1.3', '4*3D']",0.7,339.47331059925676
1711314628.0460193,"['$GNGGA', '211027.000', '5103.82714', 'N', '00412.28656', 'E', '1', '17', '0.7', '9.0', 'M', '44.8', 'M', '', '*42']","['$GNRMC', '211027.000', 'A', '5103.82714', 'N', '00412.28656', 'E', '0.00', '38.28', '240324', '', '', 'A', 'V*38']","['$GNGSA', 'A', '3', '06', '09', '11', '14', '16', '21', '28', '33', '34', '39', '42', '43', '1.5', '0.7', '1.3', '4*3D']",0.7,339.4732625918008
1711314631.0496442,"['$GNGGA', '211030.000', '5103.82716', 'N', '00412.28649', 'E', '1', '17', '0.7', '9.0', 'M', '44.8', 'M', '', '*48']","['$GNRMC', '211030.000', 'A', '5103.82716', 'N', '00412.28649', 'E', '0.00', '38.28', '240324', '', '', 'A', 'V*32']","['$GNGSA', 'A', '3', '06', '09', '11', '14', '16', '21', '28', '33', '34', '39', '42', '43', '1.5', '0.7', '1.3', '4*3D']",0.7,339.47322690326746
1711314634.0538373,"['$GNGGA', '211033.000', '5103.82717', 'N', '00412.28643', 'E', '1', '17', '0.7', '9.0', 'M', '44.8', 'M', '', '*40']","['$GNRMC', '211033.000', 'A', '5103.82717', 'N', '00412.28643', 'E', '0.00', '38.28', '240324', '', '', 'A', 'V*3A']","['$GNGSA', 'A', '3', '06', '09', '11', '14', '16', '21', '28', '33', '34', '39', '42', '43', '1.5', '0.7', '1.3', '4*3D']",0.7,339.4731936604566
1711314637.057762,"['$GNGGA', '211036.000', '5103.82722', 'N', '00412.28639', 'E', '1', '17', '0.7', '9.1', 'M', '44.8', 'M', '', '*4F']","['$GNRMC', '211036.000', 'A', '5103.82722', 'N', '00412.28639', 'E', '0.00', '38.28', '240324', '', '', 'A', 'V*34']","['$GNGSA', 'A', '3', '06', '09', '11', '14', '16', '21', '28', '33', '34', '39', '42', '43', '1.5', '0.7', '1.3', '4*3D']",0.7,339.4731875914983
1711314640.0616825,"['$GNGGA', '211039.000', '5103.82727', 'N', '00412.28636', 'E', '1', '17', '0.7', '9.1', 'M', '44.8', 'M', '', '*4A']","['$GNRMC', '211039.000', 'A', '5103.82727', 'N', '00412.28636', 'E', '0.00', '38.28', '240324', '', '', 'A', 'V*31']","['$GNGSA', 'A', '3', '06', '09', '11', '14', '16', '21', '28', '33', '34', '39', '42', '43', '1.5', '0.7', '1.3', '4*3D']",0.7,339.47318768196357
1711314643.0659935,"['$GNGGA', '211042.000', '5103.82731', 'N', '00412.28633', 'E', '1', '17', '0.7', '9.1', 'M', '44.8', 'M', '', '*44']","['$GNRMC', '211042.000', 'A', '5103.82731', 'N', '00412.28633', 'E', '0.00', '38.28', '240324', '', '', 'A', 'V*3F']","['$GNGSA', 'A', '3', '06', '09', '11', '14', '16', '21', '28', '33', '34', '39', '42', '43', '1.5', '0.7', '1.3', '4*3D']",0.7,339.47318405869237
1711314646.0708447,"['$GNGGA', '211045.000', '5103.82734', 'N', '00412.28632', 'E', '1', '16', '0.8', '9.1', 'M', '44.8', 'M', '', '*49']","['$GNRMC', '211045.000', 'A', '5103.82734', 'N', '00412.28632', 'E', '0.00', '38.28', '240324', '', '', 'A', 'V*3C']","['$GNGSA', 'A', '3', '06', '09', '11', '14', '16', '21', '28', '33', '34', '39', '42', '43', '1.6', '0.8', '1.4', '4*36']",0.8,339.47318904049587
1711314649.0753448,"['$GNGGA', '211048.000', '5103.82736', 'N', '00412.28629', 'E', '1', '16', '0.8', '9.1', 'M', '44.8', 'M', '', '*4C']","['$GNRMC', '211048.000', 'A', '5103.82736', 'N', '00412.28629', 'E', '0.00', '38.28', '240324', '', '', 'A', 'V*39']","['$GNGSA', 'A', '3', '06', '09', '11', '14', '16', '21', '28', '33', '34', '39', '42', '43', '1.6', '0.8', '1.4', '4*36']",0.8,339.4731779897621
1711314652.0791109,"['$GNGGA', '211051.000', '5103.82738', 'N', '00412.28628', 'E', '1', '16', '0.8', '9.1', 'M', '44.8', 'M', '', '*4B']","['$GNRMC', '211051.000', 'A', '5103.82738', 'N', '00412.28628', 'E', '0.00', '38.28', '240324', '', '', 'A', 'V*3E']","['$GNGSA', 'A', '3', '06', '09', '11', '14', '16', '21', '28', '33', '34', '39', '42', '43', '1.6', '0.8', '1.4', '4*36']",0.8,339.47317925783176
1711314655.083305,"['$GNGGA', '211054.000', '5103.82738', 'N', '00412.28625', 'E', '1', '17', '0.7', '9.1', 'M', '44.8', 'M', '', '*4D']","['$GNRMC', '211054.000', 'A', '5103.82738', 'N', '00412.28625', 'E', '0.00', '38.28', '240324', '', '', 'A', 'V*36']","['$GNGSA', 'A', '3', '06', '09', '11', '14', '16', '21', '28', '33', '34', '39', '42', '43', '1.5', '0.7', '1.3', '4*3D']",0.7,339.4731607796431
1711314658.0879838,"['$GNGGA', '211057.000', '5103.82739', 'N', '00412.28622', 'E', '1', '16', '0.7', '9.1', 'M', '44.8', 'M', '', '*49']","['$GNRMC', '211057.000', 'A', '5103.82739', 'N', '00412.28622', 'E', '0.00', '38.28', '240324', '', '', 'A', 'V*33']","['$GNGSA', 'A', '3', '06', '11', '14', '16', '21', '28', '33', '34', '39', '42', '43', '', '1.5', '0.7', '1.3', '4*34']",0.7,339.4731460151972
1711314661.0918775,"['$GNGGA', '211100.000', '5103.82739', 'N', '00412.28617', 'E', '1', '16', '0.7', '9.1', 'M', '44.8', 'M', '', '*4C']","['$GNRMC', '211100.000', 'A', '5103.82739', 'N', '00412.28617', 'E', '0.00', '38.28', '240324', '', '', 'A', 'V*36']","['$GNGSA', 'A', '3', '06', '11', '14', '16', '21', '28', '33', '34', '39', '42', '43', '', '1.5', '0.7', '1.3', '4*34']",0.7,339.47311521823843
